epoch,time,train/box_loss,train/cls_loss,train/l1_loss,metrics/precision(B),metrics/recall(B),metrics/mAP50(B),metrics/mAP50-95(B),val/box_loss,val/cls_loss,val/l1_loss,lr/pg0,lr/pg1,lr/pg2
1,95.1404,0.973,5.97925,0.01931,0.0032,0.96,0.60846,0.28148,0.90935,11.1321,0.03061,0.000636364,0.000636364,0.000636364
2,100.626,1.03491,5.48004,0.0215,0.90359,0.37581,0.80133,0.36838,1.03749,10.4554,0.03748,0.00129443,0.00129443,0.00129443
3,105.722,1.17825,4.59273,0.02366,0.66786,0.8,0.67941,0.27964,1.05974,9.91985,0.03415,0.0019437,0.0019437,0.0019437
4,111.027,1.27883,4.03768,0.02631,0.78344,0.72365,0.86476,0.47128,1.50408,8.58126,0.05882,0.0019604,0.0019604,0.0019604
5,116.258,1.3442,3.73866,0.02825,1,0.82767,0.94677,0.50347,1.4651,7.60184,0.05327,0.0019472,0.0019472,0.0019472
6,121.296,1.34587,3.26773,0.02803,0.95737,0.8988,0.94422,0.4762,1.30777,5.50409,0.04832,0.001934,0.001934,0.001934
7,126.349,1.367,3.10498,0.02989,0.62334,0.86085,0.73403,0.39579,1.06691,5.17782,0.03857,0.0019208,0.0019208,0.0019208
8,130.03,1.38343,2.74656,0.03119,0.88963,1,0.97801,0.62177,1.36711,3.85107,0.05096,0.0019076,0.0019076,0.0019076
9,133.471,1.33982,2.37339,0.02918,0.91502,1,0.97951,0.62771,1.21025,3.74275,0.0465,0.0018944,0.0018944,0.0018944
10,136.924,1.39675,2.16619,0.03026,0.91895,0.96,0.98513,0.65307,1.36314,3.24092,0.05441,0.0018812,0.0018812,0.0018812
11,140.545,1.33676,2.10349,0.02906,0.95621,1,0.99192,0.5418,1.61968,3.198,0.06176,0.001868,0.001868,0.001868
12,144.183,1.26942,1.87178,0.02684,0.88515,0.92505,0.93736,0.50423,1.37135,2.46938,0.05018,0.0018548,0.0018548,0.0018548
13,148.135,1.43415,1.71223,0.02966,0.95336,1,0.99346,0.5877,1.55848,1.88798,0.05829,0.0018416,0.0018416,0.0018416
14,153.023,1.32558,1.57897,0.02787,0.95548,1,0.98885,0.62584,1.43556,1.6306,0.05311,0.0018284,0.0018284,0.0018284
15,157.908,1.26557,1.5944,0.02714,0.88277,1,0.94207,0.6274,1.295,1.55182,0.05053,0.0018152,0.0018152,0.0018152
16,163.07,1.25905,1.47569,0.02592,0.99007,1,0.995,0.61318,1.2688,1.50133,0.0432,0.001802,0.001802,0.001802
17,166.829,1.22587,1.40098,0.02584,0.99585,1,0.995,0.58153,1.43736,1.41946,0.05193,0.0017888,0.0017888,0.0017888
18,170.559,1.27187,1.34144,0.02643,0.99684,1,0.995,0.69115,1.19891,1.14414,0.04624,0.0017756,0.0017756,0.0017756
19,174.618,1.31184,1.28454,0.02821,0.99996,1,0.995,0.70699,1.34712,1.18665,0.05128,0.0017624,0.0017624,0.0017624
20,178.659,1.27696,1.31123,0.02632,0.95514,1,0.99192,0.70039,1.24721,0.97504,0.0448,0.0017492,0.0017492,0.0017492
21,182.524,1.22813,1.13206,0.02435,0.99285,0.96,0.98948,0.74627,1.32141,1.10421,0.05074,0.001736,0.001736,0.001736
22,186.264,1.24245,1.16645,0.02601,0.96083,1,0.995,0.70971,1.11171,1.13215,0.04126,0.0017228,0.0017228,0.0017228
23,189.663,1.19063,1.14792,0.02407,0.99477,1,0.995,0.72153,1.11616,1.13012,0.04093,0.0017096,0.0017096,0.0017096
24,193.3,1.24058,1.06405,0.02594,0.92443,1,0.98741,0.67345,1.33131,1.1166,0.05216,0.0016964,0.0016964,0.0016964
25,196.59,1.28431,1.1009,0.02727,0.99219,1,0.995,0.70303,1.24698,0.80558,0.04784,0.0016832,0.0016832,0.0016832
26,200.103,1.28527,1.10335,0.0256,0.89106,0.98188,0.98764,0.64809,1.24476,0.62429,0.04591,0.00167,0.00167,0.00167
27,203.475,1.28098,0.96927,0.02574,0.92297,0.95864,0.92206,0.59883,1.43778,0.67238,0.05444,0.0016568,0.0016568,0.0016568
28,206.938,1.2443,0.98998,0.02497,0.95085,0.96,0.98673,0.69138,1.28027,0.64523,0.05213,0.0016436,0.0016436,0.0016436
29,210.71,1.19643,0.96917,0.02444,0.95941,1,0.99346,0.63712,1.27329,0.93381,0.0498,0.0016304,0.0016304,0.0016304
30,214.341,1.25489,1.08277,0.02655,1,0.99808,0.995,0.67368,1.23163,0.56528,0.04777,0.0016172,0.0016172,0.0016172
31,217.805,1.15215,0.95688,0.02321,0.9905,0.96,0.98948,0.70685,1.17842,0.52354,0.04263,0.001604,0.001604,0.001604
32,221.345,1.12705,0.9679,0.02269,0.99649,1,0.995,0.71077,1.01904,0.48958,0.03646,0.0015908,0.0015908,0.0015908
33,224.906,1.19706,0.91038,0.02381,0.98958,1,0.995,0.74673,1.2696,0.51098,0.04779,0.0015776,0.0015776,0.0015776
34,228.552,1.19564,1.03334,0.02494,0.9924,1,0.995,0.7164,1.39857,0.55786,0.05585,0.0015644,0.0015644,0.0015644
35,231.985,1.17384,0.95366,0.02418,0.92334,1,0.99192,0.64947,1.31809,0.63553,0.04896,0.0015512,0.0015512,0.0015512
36,235.375,1.26494,0.91156,0.02677,0.92126,1,0.98741,0.69094,1.42332,0.61449,0.05548,0.001538,0.001538,0.001538
37,238.689,1.17734,0.86363,0.02435,0.99659,1,0.995,0.69223,1.2229,0.48325,0.04457,0.0015248,0.0015248,0.0015248
38,242.017,1.18069,0.91139,0.02513,0.9917,1,0.995,0.73885,1.05832,0.62085,0.03793,0.0015116,0.0015116,0.0015116
39,245.601,1.20847,0.87172,0.02613,0.99346,1,0.995,0.69809,0.82747,0.73286,0.02581,0.0014984,0.0014984,0.0014984
40,249.037,1.13894,0.92494,0.02341,0.99772,1,0.995,0.689,1.10223,0.38113,0.04095,0.0014852,0.0014852,0.0014852
41,252.436,1.15849,0.89729,0.02517,0.99089,1,0.995,0.68641,1.1509,0.58891,0.04355,0.001472,0.001472,0.001472
42,255.931,1.11259,0.89957,0.02231,0.99728,1,0.995,0.74271,1.28448,0.44865,0.04795,0.0014588,0.0014588,0.0014588
43,259.291,1.16624,0.92114,0.02468,0.95867,1,0.99346,0.77344,1.01406,0.45449,0.03721,0.0014456,0.0014456,0.0014456
44,262.931,1.20011,0.96816,0.02526,1,0.98848,0.995,0.71891,1.21537,0.83889,0.04567,0.0014324,0.0014324,0.0014324
45,266.605,1.1607,0.94015,0.02413,0.99591,1,0.995,0.72358,1.0432,0.35715,0.03773,0.0014192,0.0014192,0.0014192
46,270.111,1.08597,0.80896,0.02188,0.99422,1,0.995,0.73962,1.0655,0.39577,0.0386,0.001406,0.001406,0.001406
47,273.431,1.117,0.81643,0.02211,0.91693,0.96,0.95942,0.61584,1.4158,0.53354,0.05352,0.0013928,0.0013928,0.0013928
48,276.913,1.20221,0.77974,0.02484,0.99255,0.96,0.99346,0.72839,1.25391,0.47908,0.04708,0.0013796,0.0013796,0.0013796
49,280.656,1.16275,0.76238,0.02339,0.99526,1,0.995,0.7863,1.08025,0.77345,0.04098,0.0013664,0.0013664,0.0013664
50,284.291,1.06386,0.78294,0.02211,0.99737,1,0.995,0.80483,0.99609,0.37409,0.037,0.0013532,0.0013532,0.0013532
51,287.607,1.03922,0.84656,0.02045,0.99672,1,0.995,0.75789,0.969,0.40419,0.03588,0.00134,0.00134,0.00134
52,291.16,1.02637,0.82346,0.02078,0.9961,1,0.995,0.76772,1.06254,0.45252,0.03989,0.0013268,0.0013268,0.0013268
53,294.864,1.05465,0.87286,0.02153,1,0.99827,0.995,0.76441,1.04256,0.36726,0.03911,0.0013136,0.0013136,0.0013136
54,298.493,1.0317,0.77842,0.02075,0.99731,1,0.995,0.75814,1.13117,0.41885,0.04139,0.0013004,0.0013004,0.0013004
55,302.294,1.05398,0.81494,0.02101,0.99718,1,0.995,0.70385,1.33173,0.36073,0.05138,0.0012872,0.0012872,0.0012872
56,305.638,1.10192,0.7782,0.02237,0.99642,1,0.995,0.71464,1.07307,0.37453,0.04071,0.001274,0.001274,0.001274
57,309.612,1.11153,0.72861,0.02227,0.9587,1,0.99346,0.74551,1.0729,0.34542,0.03905,0.0012608,0.0012608,0.0012608
58,314.585,1.04038,0.77918,0.02075,0.96118,0.99074,0.99038,0.78964,1.05067,0.42449,0.03897,0.0012476,0.0012476,0.0012476
59,319.525,1.05481,0.72253,0.02136,0.97959,1,0.995,0.77112,1.27574,0.35339,0.04924,0.0012344,0.0012344,0.0012344
60,324.248,1.03567,0.78541,0.02086,1,0.99819,0.995,0.7748,1.084,0.32748,0.0423,0.0012212,0.0012212,0.0012212
61,329.165,0.98412,0.71056,0.01935,1,0.99765,0.995,0.7573,1.18369,0.36598,0.04598,0.001208,0.001208,0.001208
62,334.004,1.02077,0.75577,0.02008,0.99877,1,0.995,0.77858,0.99129,0.31755,0.03588,0.0011948,0.0011948,0.0011948
63,338.892,1.00094,0.76099,0.02037,0.99725,1,0.995,0.82976,0.86216,0.2805,0.03185,0.0011816,0.0011816,0.0011816
64,343.847,1.02417,0.7378,0.0214,0.99731,1,0.995,0.78693,1.05886,0.36829,0.04022,0.0011684,0.0011684,0.0011684
65,348.862,0.99893,0.73666,0.02067,0.99761,1,0.995,0.7933,0.99937,0.31796,0.03742,0.0011552,0.0011552,0.0011552
66,353.646,1.01034,0.73569,0.01987,0.99374,1,0.995,0.77972,0.9386,0.4603,0.0346,0.001142,0.001142,0.001142
67,357.025,1.02513,0.75206,0.021,0.92565,0.99616,0.98724,0.74938,0.98968,0.46329,0.03596,0.0011288,0.0011288,0.0011288
68,360.687,1.08081,0.74503,0.02198,0.9612,0.99126,0.99038,0.76821,1.0597,0.35842,0.03828,0.0011156,0.0011156,0.0011156
69,364.28,0.98755,0.71071,0.01947,0.99735,1,0.995,0.79264,1.1007,0.39564,0.0422,0.0011024,0.0011024,0.0011024
70,367.73,1.01338,0.71718,0.02044,0.99522,1,0.995,0.80541,0.9826,0.30924,0.03696,0.0010892,0.0010892,0.0010892
71,371.133,0.96987,0.72906,0.01898,0.99732,1,0.995,0.75952,1.06436,0.3309,0.03945,0.001076,0.001076,0.001076
72,374.66,1.0244,0.67486,0.02077,1,0.99894,0.995,0.80937,0.93801,0.34927,0.03411,0.0010628,0.0010628,0.0010628
73,378.171,1.01603,0.7376,0.01983,0.99225,1,0.995,0.76398,1.13556,0.42291,0.04385,0.0010496,0.0010496,0.0010496
74,381.814,0.95897,0.72263,0.01941,0.95174,1,0.99192,0.75977,1.12601,0.42023,0.04228,0.0010364,0.0010364,0.0010364
75,385.363,0.96169,0.70631,0.01902,1,0.9889,0.995,0.78135,0.96288,0.27793,0.03449,0.0010232,0.0010232,0.0010232
76,388.784,0.94153,0.62385,0.01837,0.9975,1,0.995,0.78112,1.09996,0.32671,0.04312,0.00101,0.00101,0.00101
77,392.439,0.96561,0.67796,0.0189,0.99746,1,0.995,0.79009,0.86218,0.69428,0.03102,0.0009968,0.0009968,0.0009968
78,396.177,0.95852,0.66762,0.01872,0.99695,1,0.995,0.76841,1.0523,0.29985,0.03941,0.0009836,0.0009836,0.0009836
79,399.698,0.94559,0.67018,0.01855,0.99589,1,0.995,0.769,1.03252,0.29042,0.03738,0.0009704,0.0009704,0.0009704
80,403.345,0.93975,0.64327,0.01938,0.99751,1,0.995,0.78534,0.94465,0.30173,0.03607,0.0009572,0.0009572,0.0009572
81,406.932,0.88975,0.65622,0.0172,0.99762,1,0.995,0.80214,1.06829,0.39194,0.03985,0.000944,0.000944,0.000944
82,410.473,0.89804,0.60622,0.01764,0.99682,1,0.995,0.81201,0.87627,0.39808,0.03202,0.0009308,0.0009308,0.0009308
83,414.088,0.96119,0.61418,0.01884,0.99748,1,0.995,0.79229,0.8626,0.27173,0.03144,0.0009176,0.0009176,0.0009176
